title,year
현대자동차 경력채용 IT 부문,2024
"현대자동차 경력채용 연구개발, 생산/제조 부문",2024
현대자동차 경력채용 IT 부문,2024
현대자동차 경력채용 IT 부문,2024
현대자동차 경력채용 IT 부문,2024
현대자동차 경력채용 IT 부문,2024
현대자동차 경력채용 IT 부문,2024
현대자동차 경력직 채용 IT 부문,2024
현대자동차 경력직 채용 IT 부문,2024
현대자동차 IT 부문 집중 채용,2023
현대자동차 경력직 채용 IT 부문,2023
현대자동차 경력직 채용 IT 부문,2023
현대자동차 경력직 채용 IT 부문,2023
현대자동차 제조솔루션본부 경력 채용,2023
글로벌 서비스 플랫폼 개발 현대자동차 IT부문 대규모 경력 채용,2023
현대자동차 제네시스사업본부 경력 채용,2023
현대자동차 선행기술원 경력 채용,2023
현대자동차 TaaS본부 경력 상시 채용,2023
"현대자동차 경력채용 연구개발, 생산/제조 부문",2024
"현대자동차 경력채용 연구개발, 생산/제조 부문",2024
"현대자동차 경력채용 연구개발, 생산/제조 부문",2024
"현대자동차 경력채용 연구개발, 생산/제조 부문",2024
"현대자동차 경력채용 연구개발, 생산/제조 부문",2024
"현대자동차 경력직 채용 연구개발, 생산/제조 부문",2024
"현대자동차 경력직 채용 연구개발, 생산/제조 부문",2024
"현대자동차 경력직 채용 연구개발, 생산/제조 부문",2023
"현대자동차 경력직 채용 연구개발, 생산/제조 부문",2023
"현대자동차 경력직 채용 연구개발, 생산/제조 부문",2023
현대자동차 SDV 전략 기획 채용,2023
현대자동차 연구개발본부 상용차용 통신통합제어기(CCU) SW 아키텍처...,2023
현대자동차 연구개발본부 인포테인먼트 경력직 상시 채용,2023
TaaS본부 경력 상시 채용,2023
현대자동차 정보 보호 및 프로세스 점검 채용,2023
[현대자동차] ICT 혁신본부 경력 상시 채용,2023
현대자동차 ICT본부 경력 채용,2023
TaaS본부 경력 채용,2023
"현대자동차 경력채용 사업/기획, 경영지원, 디자인 부문",2024
"현대자동차 경력채용 사업/기획, 경영지원, 디자인 부분",2024
2024년 현대자동차 울산공장 촉탁계약직 상시 채용,2024
현대자동차 외국인 유학생 체험형 인턴 모집,2024
현대자동차 모빌리티 기술인력 채용,2023
현대자동차 울산 촉탁계약직 상시채용,2023
현대자동차 하반기 R&D 대규모 경력 채용,2023
현대자동차 CSO 경력 채용,2023
현대자동차 연구개발본부 충돌안전 성능 개발 경력 채용,2023
현대자동차 수소에너지 사업 전략 개발 채용,2023
현대자동차 환경관리(전주공장) 채용,2023
현대자동차 기술정책 분석 경력 채용,2023
현대자동차 연구개발본부 현대디자인 경력 채용,2023
현대자동차 연구개발본부 [R&D] 총무/복지지원 경력 채용,2023
현대자동차 연구개발본부 로보틱스 경력 채용,2023
현대자동차 연구개발본부 [계약직] 외국인 임원 통번역사(남양) 채용,2023
현대자동차 커넥티드 상품전략 채용,2023
현대자동차 연구개발본부 [계약직] 연료교환 채용,2023
현대자동차 울산공장 경력 채용,2023
"현대자동차 연구개발본부 [R&D] 시설관리(건축/인테리어, 전기시공, ...",2023
현대자동차 제네시스 상품기획 채용,2023
R&D 분야 대규모 채용,2023
2023년 3월 신입 채용,2023
현대자동차 선행기술원 경력 상시채용,2023
현대자동차 반도체 전략 기획 채용,2023
현대자동차 CSO 경력 채용,2023
[현대자동차] 선행기술원 경력 상시채용,2023
