number,name,region,dong_id
1,Z기지PC 동대구역점,대구광역시 동구 신천동,2
2,황금PC,대구광역시 서구 비산동,3
3,미남 PC,대구광역시 남구 봉덕동,4
4,드론PC,대구광역시 달서구 상인동,3
5,복덩이PC,대구광역시 달성군 현풍읍,8
6,대박pc,대구광역시 군위군 군위읍,9
7,땡큐게임장,대구광역시 달성군 현풍읍,8
8,넘버원PC,대구광역시 서구 비산동,3
9,땡큐PC,대구광역시 달성군 현풍읍,8
10,코바(KOVA)PC카페,대구광역시 달성군 유가읍,8
11,마르세유 피씨카페,대구광역시 남구 대명동,4
12,올킬피씨,대구광역시 달서구 감삼동,3
13,마카오PC,대구광역시 동구 효목동,2
14,꿀꿀PC,대구광역시 동구 효목동,2
15,투전PC,대구광역시 달서구 이곡동,3
16,고피시,대구광역시 동구 효목동,2
17,상인 PC,대구광역시 달서구 상인동,3
18,편안한 PC,대구광역시 달성군 구지면,8
19,마카오PC,대구광역시 중구 향촌동,1
20,준PC,대구광역시 북구 관음동,5
21,올인PC,대구광역시 동구 율하동,2
22,흰둥이PC,대구광역시 수성구 두산동,6
23,팽피시카페(테크노점),대구광역시 달성군 유가읍,8
24,클락PC,대구광역시 북구 산격동,5
25,짱PC,대구광역시 북구 동천동,5
26,PC두꺼비,대구광역시 수성구 두산동,6
27,오빠야PC,대구광역시 서구 평리동,3
28,팡팡PC,대구광역시 달서구 대곡동,3
29,파이널PC,대구광역시 남구 봉덕동,4
30,벤츠PC,대구광역시 동구 지저동,2
31,1등PC,대구광역시 북구 태전동,5
32,히든,대구광역시 서구 비산동,3
33,짱PC,대구광역시 서구 평리동,3
34,마카오PC,대구광역시 달서구 이곡동,3
35,홈런PC,대구광역시 남구 봉덕동,4
36,여동생PC,대구광역시 수성구 두산동,6
37,지원(G1)PC,대구광역시 달서구 본동,3
38,여사친PC,대구광역시 수성구 두산동,6
39,짱구PC,대구광역시 동구 효목동,2
40,춘향PC,대구광역시 남구 봉덕동,4
41,빙그레PC,대구광역시 달서구 상인동,3
42,프라이빗존,대구광역시 중구 공평동,1
43,태백PC,대구광역시 동구 효목동,2
44,바다,대구광역시 수성구 상동,6
45,맥 피씨 카페 동성로점,대구광역시 중구 공평동,1
46,욜로PC방 대구대실역점,대구광역시 달성군 다사읍,8
47,스마일PC,대구광역시 서구 원대동,3
48,미소PC,대구광역시 달서구 이곡동,3
49,마리오PC,대구광역시 수성구 두산동,6
50,우리집PC,대구광역시 수성구 두산동,6
51,팔공PC,대구광역시 달서구 용산동,3
52,맥스PC,대구광역시 동구 동호동,2
53,Lemon PC,대구광역시 수성구 두산동,6
54,낙원PC,대구광역시 서구 비산동,3
55,우정PC,대구광역시 달서구 죽전동,3
56,세븐슬롯PC,대구광역시 북구 관음동,5
57,팽 피씨 카페,대구광역시 중구 대봉동,1
58,꿀PC,대구광역시 달서구 상인동,3
59,보광,대구광역시 달서구 상인동,3
60,쩐PC,대구광역시 북구 복현동,5
61,말자PC,대구광역시 북구 노원동,5
62,잭팟PC,대구광역시 달서구 송현동,3
63,아쿠아PC,대구광역시 달서구 송현동,3
64,헤븐PC,대구광역시 북구 태전동,5
65,넘버원PC,대구광역시 서구 평리동,3
66,레드PC,대구광역시 동구 봉무동,2
67,드림PC,대구광역시 달서구 송현동,3
68,팡팡PC,대구광역시 달서구 송현동,3
69,한국PC,대구광역시 서구 평리동,3
70,럭키PC방,대구광역시 동구 불로동,2
71,골드PC,대구광역시 달서구 감삼동,3
72,바밤바PC,대구광역시 수성구 두산동,6
73,피씨더블유아레나(PC W ARENA),대구광역시 달서구 감삼동,3
74,킹PC,대구광역시 달서구 감삼동,3
75,대박PC,대구광역시 남구 봉덕동,4
76,럭키PC,대구광역시 수성구 상동,6
77,맥스PC,대구광역시 수성구 두산동,6
78,따봉,대구광역시 북구 매천동,5
79,송현PC,대구광역시 달서구 송현동,3
80,불장미 PC,대구광역시 남구 봉덕동,4
81,킹콩PC,대구광역시 수성구 신매동,6
82,나는게이머다PC방,대구광역시 달서구 도원동,3
83,럭키PC,대구광역시 서구 평리동,3
84,로얄PC,대구광역시 동구 율하동,2
85,그랜드피시(PC),대구광역시 남구 봉덕동,4
86,짱구PC,대구광역시 수성구 두산동,6
87,힐링(Healing) PC cafe,대구광역시 달서구 상인동,3
88,스타PC,대구광역시 수성구 두산동,6
89,로또 PC,대구광역시 달성군 현풍읍,8
90,두공주,대구광역시 동구 신암동,2
91,청구PC,대구광역시 동구 효목동,2
92,세븐PC,대구광역시 서구 내당동,3
93,에이스PC카페,대구광역시 달서구 성당동,3
94,팽피시카페 대천,대구광역시 달서구 대천동,3
95,세븐PC,대구광역시 북구 산격동,5
96,골드PC방,대구광역시 서구 비산동,3
97,행운PC,대구광역시 서구 내당동,3
98,에그PC,대구광역시 동구 효목동,2
99,레드포스PC 아레나 동성로점,대구광역시 중구 공평동,1
100,욜로pc방 대구본리직영점,대구광역시 달서구 본리동,3
101,일등PC,대구광역시 서구 비산동,3
102,해바라기PC방,대구광역시 북구 읍내동,5
103,쥬PC카페(ZOOPCCAFE),대구광역시 남구 봉덕동,4
104,신세계PC,대구광역시 동구 신암동,2
105,브이아이피(VIP) PC,대구광역시 달서구 월성동,3
106,욜로PC방대구중리점,대구광역시 서구 중리동,3
107,팡팡PC,대구광역시 남구 봉덕동,4
108,더듬이PC,대구광역시 남구 대명동,4
109,오엑스피씨(OX PC) 대구이곡동점,대구광역시 달서구 이곡동,3
110,헬로PC방,대구광역시 달서구 진천동,3
111,왔다PC,대구광역시 남구 대명동,4
112,홈런PC,대구광역시 달서구 성당동,3
113,샵(#)PC,대구광역시 북구 산격동,5
114,해운대PC,대구광역시 수성구 두산동,6
115,조은PC,대구광역시 동구 효목동,2
116,잭팟PC,대구광역시 달서구 이곡동,3
117,우즈피씨방(OOZE PC),대구광역시 수성구 두산동,6
118,반지피시,대구광역시 달서구 송현동,3
119,아쿠아pc,대구광역시 달서구 죽전동,3
120,황소게임방,대구광역시 북구 태전동,5
121,WATER PC,대구광역시 달성군 다사읍,8
122,마카오PC,대구광역시 중구 남산동,1
123,길,대구광역시 북구 태전동,5
124,럭키PC,대구광역시 수성구 두산동,6
125,욜로PC방대구두산점,대구광역시 수성구 두산동,6
126,엠PC,대구광역시 서구 비산동,3
127,바다PC,대구광역시 달서구 이곡동,3
128,리하이 피시카페(Re-Hi PC Cafe),대구광역시 달서구 장기동,3
129,욜로PC방 대구대봉직영점,대구광역시 중구 대봉동,1
130,팝콘PC,대구광역시 달성군 논공읍,8
131,욜로PC방 대구범물점,대구광역시 수성구 지산동,6
132,욜로 PC방 대구진천직영점,대구광역시 달서구 진천동,3
133,베테랑PC,대구광역시 남구 봉덕동,4
134,금나와라,대구광역시 달서구 상인동,3
135,칠성PC,대구광역시 북구 대현동,5
136,미쓰GO PC,대구광역시 서구 평리동,3
137,여우PC,대구광역시 동구 신천동,2
138,루비,대구광역시 북구 관음동,5
139,네이버(NAVER) PC,대구광역시 달서구 상인동,3
140,뷰티PC,대구광역시 남구 대명동,4
141,좋아 좋아 PC,대구광역시 달성군 다사읍,8
142,별PC,대구광역시 동구 각산동,2
143,골드PC,대구광역시 달서구 이곡동,3
144,언니PC,대구광역시 서구 원대동,3
145,미르pc,대구광역시 달서구 감삼동,3
146,다이아PC,대구광역시 달서구 본리동,3
147,뚱이PC,대구광역시 서구 비산동,3
148,골드PC,대구광역시 동구 신서동,2
149,프리PC방,대구광역시 서구 평리동,3
150,두꺼비PC,대구광역시 서구 중리동,3
151,레몬피시카페,대구광역시 북구 복현동,5
152,딸기PC,대구광역시 북구 태전동,5
153,청춘pc,대구광역시 달서구 송현동,3
154,여우,대구광역시 수성구 중동,6
155,위너PC,대구광역시 남구 봉덕동,4
156,그린벙커,대구광역시 달서구 대곡동,3
157,팽피시카페신암점,대구광역시 동구 신암동,2
158,엔유피씨(PC) 동성로점,대구광역시 중구 삼덕동,1
159,청춘PC,대구광역시 남구 봉덕동,4
160,세천PC,대구광역시 달성군 다사읍,8
161,볼륨업피씨방(대곡점),대구광역시 달서구 도원동,3
162,백두산PC,대구광역시 달서구 송현동,3
163,와뿌라PC,대구광역시 서구 평리동,3
164,황제PC,대구광역시 달성군 논공읍,8
165,명품PC,대구광역시 북구 동변동,5
166,올인PC,대구광역시 북구 산격동,5
167,대박PC,대구광역시 동구 방촌동,2
168,럭키PC,대구광역시 동구 효목동,2
169,팡팡PC,대구광역시 달서구 송현동,3
170,놀이터PC,대구광역시 북구 동변동,5
171,고(GO) PC,대구광역시 달서구 월성동,3
172,욜로PC방 대구복현오거리점,대구광역시 북구 복현동,5
173,골드PC,대구광역시 달서구 두류동,3
174,골드PC,대구광역시 달서구 호산동,3
175,팡피씨카페본점,대구광역시 달서구 두류동,3
176,부엉이PC,대구광역시 동구 효목동,2
177,베스트PC,대구광역시 북구 사수동,5
178,명품PC,대구광역시 북구 복현동,5
179,오빠야PC,대구광역시 서구 내당동,3
180,황제PC,대구광역시 서구 평리동,3
181,뉴골드PC,대구광역시 남구 봉덕동,4
182,언니야PC,대구광역시 서구 평리동,3
183,황제PC,대구광역시 서구 내당동,3
184,팝콘PC,대구광역시 북구 산격동,5
185,원투PC,대구광역시 남구 봉덕동,4
186,아쿠아PC,대구광역시 달성군 화원읍,8
187,욜로PC(상인점),대구광역시 달서구 상인동,3
188,신세계PC,대구광역시 달성군 다사읍,8
189,클로버PC,대구광역시 남구 봉덕동,4
190,카라PC,대구광역시 달서구 이곡동,3
191,애플PC,대구광역시 달서구 상인동,3
192,세븐피시(PC),대구광역시 동구 각산동,2
193,황금PC,대구광역시 남구 대명동,4
194,늑대PC,대구광역시 서구 중리동,3
195,이게PC방이다,대구광역시 북구 동천동,5
196,홈런PC,대구광역시 서구 평리동,3
197,새븐PC,대구광역시 서구 평리동,3
198,뽀나스PC,대구광역시 동구 방촌동,2
199,로켓PC,대구광역시 남구 봉덕동,4
200,올빼미PC,대구광역시 남구 대명동,4
201,대박PC,대구광역시 달서구 이곡동,3
202,크라우드PC현풍점,대구광역시 달성군 유가읍,8
203,네이버(NAVER)PC,대구광역시 서구 평리동,3
204,대박PC,대구광역시 달성군 옥포읍,8
205,로켓PC,대구광역시 서구 평리동,3
206,욜로피씨방 이곡점,대구광역시 달서구 이곡동,3
207,항아리PC,대구광역시 달서구 호림동,3
208,먹자PC,대구광역시 북구 복현동,5
209,그랜드PC,대구광역시 달성군 논공읍,8
210,러블리PC,대구광역시 남구 봉덕동,4
211,놀이터PC,대구광역시 동구 용계동,2
212,트리플PC,대구광역시 남구 봉덕동,4
213,청담PC,대구광역시 수성구 두산동,6
214,아이센스리그PC방 현충로역점,대구광역시 남구 대명동,4
215,당근 PC,대구광역시 달성군 현풍읍,8
216,만PC,대구광역시 동구 효목동,2
217,내당PC,대구광역시 달서구 두류동,3
218,대박PC,대구광역시 수성구 수성동,6
219,1등pc,대구광역시 서구 평리동,3
220,지존PC,대구광역시 동구 신천동,2
221,라온,대구광역시 북구 읍내동,5
222,레이스PC,대구광역시 서구 비산동,3
223,존버PC카페 상인점(Jonber PC cafe),대구광역시 달서구 상인동,3
224,애플PC,대구광역시 수성구 두산동,6
225,제로100PC,대구광역시 달서구 진천동,3
226,더킹PC방,대구광역시 달성군 현풍읍,8
227,신세계 PC,대구광역시 동구 신천동,2
228,맨투맨PC,대구광역시 수성구 두산동,6
229,엔유피시(nuPC),대구광역시 달서구 장기동,3
230,준PC(JUN PC),대구광역시 남구 대명동,4
231,블루 PC,대구광역시 수성구 두산동,6
232,우승 PC,대구광역시 동구 서호동,2
233,블랙홀PC방,대구광역시 달서구 진천동,3
234,아쿠아PC방,대구광역시 북구 태전동,5
235,보물섬PC,대구광역시 남구 대명동,4
236,욜로PC방테크노폴리스점,대구광역시 달성군 유가읍,8
237,히트PC,대구광역시 서구 비산동,3
238,욜로PC방,대구광역시 동구 신암동,2
239,탑플레이스PC대구연경점,대구광역시 북구 연경동,5
240,라이브PC,대구광역시 북구 태전동,5
241,세븐PC,대구광역시 서구 내당동,3
242,조아PC,대구광역시 달서구 상인동,3
243,디헬PC방,대구광역시 달서구 본동,3
244,풀PC,대구광역시 서구 평리동,3
245,레드PC 대구신암본점,대구광역시 동구 신암동,2
246,놀러와PC,대구광역시 동구 효목동,2
247,BOB PC팔달점,대구광역시 북구 노원동,5
248,네이버PC,대구광역시 수성구 두산동,6
249,zoomPC방,대구광역시 수성구 지산동,6
250,복돼지 PC방,대구광역시 동구 율하동,2
251,복돼지PC,대구광역시 서구 비산동,3
252,다온PC,대구광역시 남구 봉덕동,4
253,욜로PC방 다사점,대구광역시 달성군 다사읍,8
254,보스(Boss) PC,대구광역시 동구 효목동,2
255,레이스PC,대구광역시 달서구 본리동,3
256,에이스PC,대구광역시 동구 방촌동,2
257,명품PC,대구광역시 달서구 송현동,3
258,행운PC,대구광역시 서구 내당동,3
259,크라우드PC황금점,대구광역시 수성구 지산동,6
260,PC 잭팟명당,대구광역시 서구 평리동,3
261,두꺼비PC,대구광역시 서구 비산동,3
262,지니PC,대구광역시 북구 복현동,5
263,오즈옵티멈존PC카페,대구광역시 달서구 신당동,3
264,라이킷PC방,대구광역시 달성군 다사읍,8
265,두깨PC,대구광역시 남구 봉덕동,4
266,피씨카페티,대구광역시 북구 고성동,5
267,정마담PC,대구광역시 서구 평리동,3
268,에이스존PC,대구광역시 남구 봉덕동,4
269,고고PC,대구광역시 달서구 송현동,3
270,디헬T PC카페,대구광역시 중구 동성로,1
271,볼륨업피씨방 칠곡점,대구광역시 북구 동천동,5
272,욜로PC방 신서점,대구광역시 동구 신서동,2
273,욜로PC용산점,대구광역시 달서구 용산동,3
274,크레인PC 대구동구본점,대구광역시 동구 대림동,2
275,앤유PC(NU PC),대구광역시 동구 신서동,2
276,VIP(브이아이피),대구광역시 북구 매천동,5
277,청담PC,대구광역시 동구 신천동,2
278,광PC서부점,대구광역시 달서구 송현동,3
279,광PC까페대명점,대구광역시 남구 대명동,4
280,브이아이피PC&Cafe,대구광역시 달서구 파호동,3
281,대박PC,대구광역시 북구 산격동,5
282,광PC카페 옥포직영점,대구광역시 달성군 옥포읍,8
283,빙고PC,대구광역시 동구 효목동,2
284,라이또PC 대구 신매점,대구광역시 수성구 신매동,6
285,럭키PC,대구광역시 동구 효목동,2
286,TTPC희망점,대구광역시 수성구 황금동,6
287,앤유피씨신월성점,대구광역시 달서구 월성동,3
288,빅매치PC,대구광역시 남구 이천동,4
289,골드PC,대구광역시 북구 산격동,5
290,스타피시방 본점,대구광역시 달서구 상인동,3
291,팽피시카페 성서점,대구광역시 달서구 이곡동,3
292,행운PC방,대구광역시 동구 효목동,2
293,앤유(nu) PC방,대구광역시 동구 지저동,2
294,앤유피시,대구광역시 달서구 대천동,3
295,광PC cafe,대구광역시 서구 평리동,3
296,미래PC,대구광역시 달서구 본리동,3
297,볼륨업피씨방,대구광역시 중구 삼덕동,1
298,욜로PC 신천점,대구광역시 동구 신천동,2
299,티피씨,대구광역시 북구 칠성동,5
300,오렌지피시방,대구광역시 달서구 본리동,3
301,라이또PC대구북구점,대구광역시 북구 읍내동,5
302,앤유(nu) 피씨방,대구광역시 동구 봉무동,2
303,광PC방,대구광역시 수성구 시지동,6
304,올킬PC방,대구광역시 달성군 다사읍,8
305,킹PC,대구광역시 달성군 유가읍,8
306,에스브이(SV)PC,대구광역시 달서구 송현동,3
307,라온PC방,대구광역시 동구 대림동,2
308,인타임PC방,대구광역시 수성구 시지동,6
309,데일리PC방(태전점),대구광역시 북구 태전동,5
310,볼륨업피씨방,대구광역시 북구 태전동,5
311,브리즈PC방,대구광역시 중구 동성로,1
312,로켓PC,대구광역시 달서구 송현동,3
313,돼지PC방,대구광역시 동구 방촌동,2
314,맥스피드PC만촌직영점,대구광역시 수성구 만촌동,6
315,하하PC,대구광역시 북구 태전동,5
316,Blessing PC(블레싱피씨방),대구광역시 달성군 화원읍,8
317,마카오PC,대구광역시 북구 태전동,5
318,티피씨,대구광역시 동구 효목동,2
319,트리플PC,대구광역시 달서구 본리동,3
320,에이스PC,대구광역시 서구 평리동,3
321,애드PC,대구광역시 달서구 상인동,3
322,라이또PC 방촌역점,대구광역시 동구 방촌동,2
323,비온(be'on)PC,대구광역시 북구 대현동,5
324,앤유피씨,대구광역시 중구 삼덕동,1
325,더캠프PC두산점,대구광역시 수성구 두산동,6
326,앤유(NU)PC,대구광역시 달성군 구지면,8
327,백프로PC,대구광역시 수성구 범어동,6
328,스타PC,대구광역시 달서구 대곡동,3
329,코바(KOVA)pc카페,대구광역시 달성군 유가읍,8
330,피타PC카페,대구광역시 동구 검사동,2
331,이노스페이스 파동점,대구광역시 수성구 파동,6
332,도깨비PC,대구광역시 달성군 구지면,8
333,볼륨업PC방,대구광역시 북구 산격동,5
334,백야PC,대구광역시 달서구 본리동,3
335,미르 PC,대구광역시 서구 내당동,3
336,히트게임존,대구광역시 중구 삼덕동,1
337,거북이PC,대구광역시 북구 대현동,5
338,넘버원PC,대구광역시 달서구 성당동,3
339,더헌터PC대구서재점,대구광역시 달성군 다사읍,8
340,고래PC,대구광역시 수성구 두산동,6
341,라이온 시티 PC,대구광역시 달성군 다사읍,8
342,더엑스PC율하점,대구광역시 동구 율하동,2
343,조커PC,대구광역시 달서구 송현동,3
344,앵두 PC,대구광역시 남구 대명동,4
345,이노스페이스앞산대명점,대구광역시 남구 대명동,4
346,앤유PC방성서계명대점2호점,대구광역시 달서구 신당동,3
347,비투PC,대구광역시 수성구 지산동,6
348,강남PC,대구광역시 서구 평리동,3
349,올스타즈PC방,대구광역시 북구 학정동,5
350,쓰리팝피씨방(경대점),대구광역시 북구 산격동,5
351,PC아트리움,대구광역시 달서구 호산동,3
352,이노스페이스 상동점,대구광역시 수성구 상동,6
353,앤유PC방 성서계명대점,대구광역시 달서구 신당동,3
354,오렌지PC,대구광역시 남구 봉덕동,4
355,맥스피드PC방,대구광역시 북구 동천동,5
356,꿀단지PC,대구광역시 서구 비산동,3
357,백프로PC,대구광역시 수성구 만촌동,6
358,빵빵PC,대구광역시 달서구 상인동,3
359,바로PC방,대구광역시 동구 대림동,2
360,욜로PC방(대구본점),대구광역시 달서구 신당동,3
361,플레이브이알,대구광역시 중구 삼덕동,1
362,도깨비피시방,대구광역시 서구 평리동,3
363,하트PC,대구광역시 달서구 본리동,3
364,앤유PC상인5호점,대구광역시 달서구 상인동,3
365,팽 피시카페(pc cafe) 상인점,대구광역시 달서구 상인동,3
366,도깨비 PC,대구광역시 달성군 화원읍,8
367,비휴PC,대구광역시 달서구 본리동,3
368,광대박PC방,대구광역시 동구 각산동,2
369,뉴그랜드,대구광역시 수성구 두산동,6
370,보물PC,대구광역시 동구 율하동,2
371,문(MOON) PC,대구광역시 달서구 도원동,3
372,대박PC,대구광역시 서구 평리동,3
373,제로100 PC,대구광역시 동구 봉무동,2
374,남부PC,대구광역시 남구 대명동,4
375,피에스타PC 대구범어점,대구광역시 수성구 범어동,6
376,헬로PC방,대구광역시 수성구 만촌동,6
377,RED 피씨,대구광역시 수성구 만촌동,6
378,돌고래PC,대구광역시 남구 봉덕동,4
379,메이드,대구광역시 수성구 수성동,6
380,광PC방,대구광역시 달성군 구지면,8
381,만조PC방,대구광역시 달성군 화원읍,8
382,팽피씨카페 평리점,대구광역시 서구 평리동,3
383,명당PC,대구광역시 동구 효목동,2
384,에그PC,대구광역시 서구 비산동,3
385,명당PC,대구광역시 동구 신천동,2
386,황금돼지PC K2점,대구광역시 동구 입석동,2
387,라비니PC방,대구광역시 수성구 파동,6
388,매타버스 스터디카페,대구광역시 중구 사일동,1
389,스타디움PC카페,대구광역시 수성구 신매동,6
390,위너PC,대구광역시 달서구 감삼동,3
391,먼스PC,대구광역시 달서구 감삼동,3
392,착한PC카페,대구광역시 북구 태전동,5
393,팬텀PC,대구광역시 달성군 다사읍,8
394,앤유(NU)PC송현점,대구광역시 달서구 송현동,3
395,아이비(IB) PC방,대구광역시 북구 관음동,5
396,에코피시방,대구광역시 달성군 다사읍,8
397,이노스페이스(불로점),대구광역시 동구 불로동,2
398,넘버원PC,대구광역시 달서구 본리동,3
399,강남PC,대구광역시 동구 신암동,2
400,더쿠PC방,대구광역시 북구 서변동,5
401,나는PC방이다,대구광역시 달성군 현풍면,8
402,이노스페이스 신평리점,대구광역시 서구 평리동,3
403,야놀자PC,대구광역시 북구 관음동,5
404,앤유PC옥포점,대구광역시 달성군 옥포읍,8
405,스타PC대구율하점,대구광역시 동구 율하동,2
406,리움PC,대구광역시 북구 사수동,5
407,짱PC,대구광역시 달성군 유가읍,8
408,이노PC,대구광역시 수성구 만촌동,6
409,호랭이PC,대구광역시 동구 각산동,2
410,달인PC,대구광역시 수성구 중동,6
411,앤유피시방 영남이공대점,대구광역시 남구 대명동,4
412,라라PC방,대구광역시 동구 효목동,2
413,스톤PC,대구광역시 동구 각산동,2
414,라이또PC방 대구신서점,대구광역시 동구 신서동,2
415,고고PC,대구광역시 달성군 다사읍,8
416,앤유피씨범어점(nupc),대구광역시 수성구 범어동,6
417,디알피시방,대구광역시 중구 삼덕동,1
418,럭키PC,대구광역시 남구 대명동,4
419,팽PC,대구광역시 동구 효목동,2
420,엔유(NU)PC,대구광역시 달서구 송현동,3
421,앤유 피시방,대구광역시 중구 봉산동,1
422,생선가게 PC방,대구광역시 중구 공평동,1
423,대박PC방,대구광역시 달서구 호산동,3
424,버블PC,대구광역시 달성군 현풍면,8
425,레알PC방,대구광역시 북구 사수동,5
426,헬로PC,대구광역시 서구 평리동,3
427,티피씨,대구광역시 남구 봉덕동,4
428,팽피시카페,대구광역시 수성구 신매동,6
429,PC n BAP(PC엔밥),대구광역시 달서구 신당동,3
430,킹덤PC,대구광역시 동구 신서동,2
431,포인트PC,대구광역시 동구 신천동,2
432,황제PC,대구광역시 달서구 용산동,3
433,이노스페이스 검사점,대구광역시 동구 검사동,2
434,행복PC,대구광역시 달서구 이곡동,3
435,이노스페이스 비산점,대구광역시 서구 비산동,3
436,팝콘PC방,대구광역시 북구 침산동,5
437,더킹(the king),대구광역시 수성구 매호동,6
438,카카오피시(KAKAO PC),대구광역시 수성구 신매동,6
439,루호PC,대구광역시 수성구 지산동,6
440,와써PC,대구광역시 달서구 월성동,3
441,애플PC,대구광역시 수성구 수성동,6
442,매직PC,대구광역시 달성군 구지면,8
443,놀이터PC,대구광역시 남구 봉덕동,4
444,포그네PC방,대구광역시 동구 각산동,2
445,로또PC게임,대구광역시 남구 대명동,4
446,직방PC(복현점),대구광역시 북구 복현동,5
447,이센스PC,대구광역시 북구 동천동,5
448,팽피시카페 삼덕점,대구광역시 중구 삼덕동,1
449,MPC방,대구광역시 달성군 다사읍,8
450,행운PC방,대구광역시 북구 태전동,5
451,꿀단지 PC,대구광역시 수성구 범어동,6
452,에이스존,대구광역시 동구 신천동,2
453,상인앤유PC2매장,대구광역시 달서구 상인동,3
454,노다지길PC,대구광역시 동구 신천동,2
455,팽피시카페 이곡점,대구광역시 달서구 이곡동,3
456,앤유PC방 다사점,대구광역시 달성군 다사읍,8
457,옵티멈존엔볼륨업피씨방(시지광장점),대구광역시 수성구 신매동,6
458,썸PC방,대구광역시 달서구 송현동,3
459,루호PC방,대구광역시 달서구 상인동,3
460,아이센스pc방,대구광역시 달성군 다사읍,8
461,다락방PC(DARAK),대구광역시 달서구 이곡동,3
462,스팀PC방,대구광역시 북구 태전동,5
463,옥스(OX)PC대구본점,대구광역시 수성구 범어동,6
464,엔유(nu)PC,대구광역시 달서구 용산동,3
465,욜로PC방대구직영점,대구광역시 수성구 수성동,6
466,고스트,대구광역시 달서구 용산동,3
467,골드트리PC,대구광역시 달서구 본리동,3
468,팽피시카페(만촌점),대구광역시 수성구 만촌동,6
469,nu pc,대구광역시 서구 비산동,3
470,와썹PC방,대구광역시 달성군 다사읍,8
471,런PC방,대구광역시 달서구 도원동,3
472,킹덤PC,대구광역시 서구 평리동,3
473,올레PC방,대구광역시 서구 내당동,3
474,디헬pc cafe,대구광역시 동구 율하동,2
475,배트맨PC(산격점),대구광역시 북구 산격동,5
476,아지트 게임 클럽,대구광역시 동구 신암동,2
477,지존PC,대구광역시 달서구 이곡동,3
478,더블유PC방,대구광역시 수성구 신매동,6
479,조이PC,대구광역시 동구 율하동,2
480,명당PC,대구광역시 달서구 본리동,3
481,지PC방,대구광역시 남구 대명동,4
482,링크PC방,대구광역시 북구 태전동,5
483,무드온PC방,대구광역시 달서구 신당동,3
484,카카오PC CLUB,대구광역시 수성구 두산동,6
485,아이파크PC,대구광역시 북구 동천동,5
486,포세이돈피씨방,대구광역시 동구 효목동,2
487,지존PC,대구광역시 남구 이천동,4
488,엔유(nu)PC 율하점,대구광역시 동구 율하동,2
489,로그온PC,대구광역시 동구 신천동,2
490,로얄PC,대구광역시 서구 내당동,3
491,비타민PC,대구광역시 동구 신서동,2
492,지산PC BOX,대구광역시 수성구 지산동,6
493,블루문PC,대구광역시 달서구 죽전동,3
494,숲길로피시방,대구광역시 서구 내당동,3
495,메가 PC방,대구광역시 북구 동천동,5
496,상주꿀갈비 피시,대구광역시 달서구 송현동,3
497,알피시방,대구광역시 북구 대현동,5
498,유피시방,대구광역시 동구 신서동,2
499,디스이즈PC,대구광역시 달서구 감삼동,3
500,클리프PC방,대구광역시 수성구 시지동,6
501,네옥스(NEOX)PC방,대구광역시 달서구 신당동,3
502,nuPC,대구광역시 서구 평리동,3
503,인투드림,대구광역시 수성구 신매동,6
504,조와 PC방,대구광역시 서구 원대동,3
505,더블유(W) PC방,대구광역시 동구 율하동,2
506,팽피씨방 도원점,대구광역시 달서구 도원동,3
507,루호피씨(두류점),대구광역시 남구 대명동,4
508,아라PC,대구광역시 남구 대명동,4
509,스타PC카페,대구광역시 중구 남산동,1
510,와써,대구광역시 달서구 본동,3
511,머드PC방,대구광역시 서구 비산동,3
512,문PC,대구광역시 남구 봉덕동,4
513,마이웨이PC방,대구광역시 동구 효목동,2
514,볼륨업PC방,대구광역시 달서구 월성동,3
515,센PC,대구광역시 북구 동천동,5
516,디원(D one)피씨방,대구광역시 동구 동호동,2
517,캐슬PC,대구광역시 달서구 감삼동,3
518,카카오PC방,대구광역시 북구 대현동,5
519,팽PC,대구광역시 북구 매천동,5
520,팽피시카페(복현점),대구광역시 북구 복현동,5
521,아이펀 PC방,대구광역시 달서구 상인동,3
522,앤유(NU)PC대명점,대구광역시 남구 대명동,4
523,이존피시,대구광역시 동구 신기동,2
524,머드pc방,대구광역시 서구 비산동,3
525,뉴 Z  PC방,대구광역시 남구 대명동,4
526,쿡몬스터피시방내당점,대구광역시 서구 내당동,3
527,앤유(nu)PC상동점,대구광역시 수성구 상동,6
528,고트PC,대구광역시 남구 대명동,4
529,앤유(NUPC),대구광역시 달서구 상인동,3
530,갤러리PC방,대구광역시 수성구 수성동,6
531,G1 PC,대구광역시 서구 비산동,3
532,비원PC,대구광역시 북구 칠성동,5
533,매드PC방,대구광역시 달서구 진천동,3
534,노블레스PCcafe,대구광역시 남구 대명동,4
535,PC방 일번지,대구광역시 동구 동호동,2
536,제이와이,대구광역시 달서구 죽전동,3
537,현 pc zone,대구광역시 동구 용계동,2
538,수퍼(super) PC방,대구광역시 달서구 송현동,3
539,스팀,대구광역시 북구 노원동,5
540,라임PC방,대구광역시 달성군 화원읍,8
541,아크피시방,대구광역시 서구 원대동,3
542,Moon PC,대구광역시 서구 내당동,3
543,어뮤즈,대구광역시 동구 방촌동,2
544,큐PC,대구광역시 수성구 지산동,6
545,엔유피씨카페 동대구점,대구광역시 동구 신천동,2
546,이노스페이스 방촌점,대구광역시 동구 방촌동,2
547,팽PC방,대구광역시 남구 대명동,4
548,카카오PC방,대구광역시 수성구 수성동,6
549,욜로PC방 대구직영2호점,대구광역시 동구 효목동,2
550,이런PC하우스,대구광역시 동구 신암동,2
551,이너스PC존,대구광역시 동구 지저동,2
552,헬로PC,대구광역시 달성군 화원읍,8
553,팽피시카페 신기점,대구광역시 동구 신기동,2
554,티티피씨(TTPC)지산점,대구광역시 수성구 지산동,6
555,팽피시카페중동점,대구광역시 수성구 중동,6
556,올스타(ALL STAR)PC방,대구광역시 수성구 만촌동,6
557,그린타임,대구광역시 북구 침산동,5
558,앤유PC방,대구광역시 달서구 이곡동,3
559,이노,대구광역시 동구 신암동,2
560,에이스PC방,대구광역시 동구 신천동,2
561,엑스존 효목점,대구광역시 동구 효목동,2
562,수PC방,대구광역시 동구 입석동,2
563,앤유PC방,대구광역시 수성구 만촌동,6
564,밴드(BAND)PC방,대구광역시 수성구 만촌동,6
565,피슐랭 PC,대구광역시 달성군 화원읍,8
566,쿡몬스터PC,대구광역시 북구 복현동,5
567,레몬,대구광역시 수성구 사월동,6
568,스피드킹PC방,대구광역시 동구 신암동,2
569,바글바글PC방,대구광역시 달서구 파호동,3
570,웰컴PC방,대구광역시 동구 신천동,2
571,와써PC방,대구광역시 달서구 용산동,3
572,루호복현점,대구광역시 북구 복현동,5
573,예카스테이션PC방,대구광역시 수성구 신매동,6
574,더존PC,대구광역시 북구 태전동,5
575,준,대구광역시 북구 침산동,5
576,애플PC방,대구광역시 수성구 만촌동,6
577,이즈리얼PC,대구광역시 수성구 지산동,6
578,비타민PC,대구광역시 북구 복현동,5
579,겜,대구광역시 북구 읍내동,5
580,킹콩PC방,대구광역시 달성군 논공읍,8
581,씨유SeeUPC,대구광역시 달서구 용산동,3
582,카카오PC,대구광역시 달서구 감삼동,3
583,준 PC방,대구광역시 서구 평리동,3
584,헬로pc방,대구광역시 서구 비산동,3
585,먹방피시방,대구광역시 수성구 범어동,6
586,네옥스(NEOX),대구광역시 남구 봉덕동,4
587,아라PC토랑,대구광역시 북구 태전동,5
588,앤유PC(NU),대구광역시 남구 대명동,4
589,더원만촌점,대구광역시 수성구 만촌동,6
590,이노스페이스 동인점,대구광역시 중구 동인동,1
591,레오PC방,대구광역시 동구 방촌동,2
592,비투PC,대구광역시 남구 대명동,4
593,이노스페이스 효목점,대구광역시 동구 효목동,2
594,우리동네PC방,대구광역시 달서구 이곡동,3
595,카카오PC,대구광역시 남구 대명동,4
596,인스타PC,대구광역시 동구 방촌동,2
597,GPC카페,대구광역시 동구 효목동,2
598,호야PC방,대구광역시 서구 평리동,3
599,아 ! 그렇구나. PC방,대구광역시 수성구 시지동,6
600,프랜즈,대구광역시 남구 대명동,4
601,맘모스PC,대구광역시 동구 신암동,2
602,올벤PC 상인점,대구광역시 달서구 상인동,3
603,와 PC방,대구광역시 동구 효목동,2
604,올레pc방,대구광역시 수성구 지산동,6
605,아라PC토랑,대구광역시 남구 봉덕동,4
606,엔젤PC방,대구광역시 북구 복현동,5
607,인스타고성점,대구광역시 북구 고성동,5
608,비투PC,대구광역시 달서구 송현동,3
609,엔조이락PC방,대구광역시 달서구 본리동,3
610,올레,대구광역시 북구 산격동,5
611,투데이PC방,대구광역시 달성군 화원읍,8
612,논스톱PC방,대구광역시 동구 효목동,2
613,애플,대구광역시 서구 평리동,3
614,PC칸,대구광역시 북구 관음동,5
615,엔조이락 PC방,대구광역시 동구 신기동,2
616,비오비PC,대구광역시 수성구 범어동,6
617,버니PC방,대구광역시 동구 효목동,2
618,아우토반PC방,대구광역시 동구 지묘동,2
619,궁PC방,대구광역시 중구 남산동,1
620,TNT PC방,대구광역시 달서구 호산동,3
621,팽피시카페동천점,대구광역시 북구 동천동,5
622,레나PC,대구광역시 수성구 지산동,6
623,킹피씨방,대구광역시 수성구 범어동,6
624,NU PC,대구광역시 동구 신암동,2
625,로그인PC,대구광역시 북구 복현동,5
626,스피드PC존,대구광역시 달성군 현풍면,8
627,nu피시방서변점,대구광역시 북구 서변동,5
628,팽pc,대구광역시 달서구 신당동,3
629,팽피시카페 운암점,대구광역시 북구 동천동,5
630,컴온피씨방,대구광역시 동구 방촌동,2
631,욜로PC방,대구광역시 북구 고성동,5
632,헬로PC방,대구광역시 북구 침산동,5
